first_name,last_name,gender,age,Titile,Country
Dominick,Birkett,Male,34,Ms,SY
Moyna,Jacquemard,Female,65,Mr,MT
Micheil,Molyneux,Male,20,Mr,CN
Muhammad,Cheel,Male,75,Mrs,PL
Diana,Custard,Female,67,Mrs,PH
Siouxie,Dupree,Female,25,Dr,ID
Zena,Evison,Female,46,Rev,ZA
Aime,Laval,Female,29,Ms,KE
Max,Raphael,Male,56,Rev,PE
Tobit,Anney,Male,18,Honorable,PT
Arvy,Garvey,Male,46,Honorable,NG
Alison,Hardcastle,Female,68,Honorable,CN
Carmen,Killigrew,Female,25,Honorable,ID
Carol,Royce,Female,36,Ms,JP
Gerta,Acres,Female,59,Honorable,PE
Aimil,Attock,Female,49,Ms,PT
Marti,McGonagle,Female,45,Dr,CN
Vinson,McGrowther,Male,23,Rev,CN
Freddy,Pettitt,Female,34,Mrs,MX
Jayme,Cardis,Male,50,Mr,ID
Samuele,Davidov,Male,52,Ms,VN
Hansiain,Achrameev,Male,75,Dr,CN
Tammie,Trodden,Male,33,Mr,MY
Konstanze,Ewen,Female,25,Dr,SE
Alysa,Dobbinson,Female,28,Rev,PY
Conchita,Donat,Female,54,Mr,AL
Vonny,Bambridge,Female,43,Rev,FR
Storm,Tott,Female,42,Honorable,ZA
Anstice,Iannini,Female,45,Honorable,PH
Udell,Rickeard,Male,61,Honorable,JP
Norene,Cohane,Female,73,Mr,PT
Fowler,Manton,Male,36,Honorable,CM
Jonie,Pethybridge,Female,19,Ms,BR
Hilarius,Gulleford,Male,39,Rev,PH
Jared,Bende,Male,65,Mrs,FI
Annelise,Uglow,Female,56,Dr,GR
Bill,Yearron,Male,33,Honorable,ID
Karlene,Itzkovici,Female,62,Honorable,ID
Benson,Aysh,Male,44,Ms,CA
Lena,Threadgall,Female,50,Mr,CN
Suzy,Knightly,Female,24,Rev,RU
Salli,Poll,Female,64,Mr,ID
Elwin,Vanner,Male,24,Ms,CN
Felicio,Curtiss,Male,57,Rev,MK
Vivien,Petrello,Female,19,Rev,PH
Edwin,Dodwell,Male,41,Mrs,PH
Maryann,Segar,Female,52,Dr,MX
Crin,Dabernott,Female,74,Ms,UG
Laureen,Brimelow,Female,72,Mr,LY
Kris,Ivanchin,Female,47,Rev,MG
Mair,Bichard,Female,64,Ms,YE
Ketti,Ahern,Female,23,Honorable,PE
Sylvan,Mc Carrick,Male,31,Dr,CN
Tait,Gibke,Male,63,Ms,PH
Pennie,De Benedetti,Male,48,Ms,CN
Iris,Arsey,Female,54,Honorable,LK
Langston,Headington,Male,63,Dr,PL
Elysha,Giercke,Female,74,Mr,BJ
Horatia,Bullin,Female,64,Dr,DE
Banky,Pretsel,Male,43,Mr,CN
Rosco,Montfort,Male,44,Ms,AL
Griffie,Pashley,Male,36,Dr,CN
Humberto,Dallender,Male,23,Dr,PH
Leontyne,Haeslier,Female,23,Mrs,PT
Ruprecht,Simonnet,Male,47,Ms,AR
Cointon,Varran,Male,66,Ms,JM
Rossie,Able,Male,38,Dr,RU
Ax,Capehorn,Male,54,Honorable,DO
Ramon,Matys,Male,62,Honorable,PT
Gaby,McQuaker,Male,19,Rev,PT
Norman,Bridges,Male,46,Honorable,MN
Sim,Koomar,Male,31,Honorable,FR
Judd,Petrashov,Male,26,Mrs,CN
Dukey,Luthwood,Male,57,Rev,PL
Ivory,Bugge,Female,31,Dr,GT
Avram,Franceschi,Male,28,Dr,NL
Willette,Trevon,Female,62,Mr,CN
Sheridan,Thornley,Male,46,Mrs,CN
Roanna,Elcoux,Female,35,Honorable,CM
Hakeem,Winckles,Male,37,Rev,PH
Cointon,Trusler,Male,64,Honorable,RS
Alberto,Maddinon,Male,34,Honorable,US
Bella,Wiburn,Female,28,Ms,FR
Rasla,Agget,Female,20,Dr,RU
Rustie,Layfield,Male,25,Rev,HR
Wayne,Barnewille,Male,66,Dr,NI
Dyann,Alessandretti,Female,48,Ms,CN
Aleece,Blayd,Female,32,Mrs,SV
Beatrix,Jordeson,Female,27,Rev,PK
Bud,Coils,Male,28,Mr,CN
Ethan,MacCartan,Male,22,Mrs,TZ
Madelin,Milsom,Female,20,Dr,SD
Brendis,Isaksson,Male,65,Rev,PE
Emylee,Grigson,Female,70,Dr,ID
Maryanna,Chidgey,Female,57,Dr,CN
Zonnya,Uwins,Female,55,Mr,PE
Suzette,Edland,Female,73,Dr,CN
Roxy,Courtese,Female,18,Dr,SE
Coraline,Banbrook,Female,43,Ms,ZA
Marve,Macrow,Male,49,Mr,BR
Yetty,Dochon,Female,53,Dr,CZ
Matthias,McKeevers,Male,31,Mr,RU
Raviv,Surguine,Male,56,Dr,KR
Christalle,Olohan,Female,63,Honorable,TH
Whitaker,Kunzler,Male,36,Ms,RU
Ann-marie,Jewess,Female,59,Mr,CN
Royce,Burgott,Male,55,Rev,PL
Otho,Duddle,Male,42,Rev,PL
Gabriele,Pitkeathley,Male,27,Mrs,CN
Garv,MacKegg,Male,41,Ms,ID
Felicia,Winkless,Female,44,Ms,IT
Issiah,Lippett,Male,26,Dr,VN
Sean,Giacomasso,Male,39,Rev,ID
Amity,Petkovic,Female,57,Ms,CN
Emile,Sevin,Male,75,Honorable,BR
Georgie,Antoniou,Female,31,Dr,CN
Ray,Lummus,Male,37,Dr,CN
Gian,Covil,Male,35,Dr,ID
Arney,Palffrey,Male,39,Rev,ID
Revkah,Hubane,Female,38,Rev,ID
Vittorio,Ferrolli,Male,21,Honorable,BO
Karine,Pettett,Female,72,Ms,PK
Noelyn,Sherrocks,Female,64,Rev,CZ
Pennie,Jzhakov,Female,58,Rev,PL
Huberto,Ordelt,Male,38,Mrs,PK
Farlay,Flancinbaum,Male,56,Mr,PH
Matthias,Weyman,Male,46,Honorable,CN
Dallis,Gilliard,Male,31,Mr,CM
Ari,Beniesh,Male,55,Ms,CN
Finn,Rispen,Male,42,Rev,CN
Erick,O'Nolan,Male,72,Rev,CI
Suzi,McCrossan,Female,42,Mr,TH
Arlina,Ferriere,Female,21,Mr,FR
Aldus,Landers,Male,65,Rev,ID
Emili,Feltham,Female,37,Mrs,PH
Meryl,Henstone,Female,56,Mrs,CA
Gaby,Blazynski,Male,53,Rev,BE
Lem,Hanshawe,Male,66,Dr,CN
Martyn,Tunmore,Male,67,Dr,UA
Tibold,Danilenko,Male,46,Honorable,CN
Halie,Moodycliffe,Female,60,Mr,ID
Selena,Kardos,Female,58,Mr,CN
Kenna,Beazer,Female,39,Ms,DO
Caz,Iceton,Male,23,Mrs,MX
Deina,Pahl,Female,46,Dr,ID
Witty,Eaton,Male,68,Mr,LS
Evanne,Halfhide,Female,71,Dr,LT
Goran,Adamides,Male,28,Honorable,NG
Freda,Morrissey,Female,37,Mr,BG
Debor,Linay,Female,23,Dr,BR
Liliane,Faill,Female,73,Mrs,CN
Pedro,Caulder,Male,74,Ms,ZA
Orran,Corkan,Male,22,Ms,PT
Kathlin,Crampsey,Female,64,Honorable,CN
Ronni,Egdal,Female,18,Ms,HT
Lynsey,Farndale,Female,59,Mrs,RU
Barde,Tapin,Male,60,Rev,AM
Birk,Haversum,Male,52,Mrs,ID
Stanly,Bennion,Male,63,Mr,MX
Aloysia,Vivers,Female,21,Mr,MU
Blane,Sprules,Male,56,Rev,CN
Laney,Taphouse,Female,74,Honorable,BD
Joanna,Chatfield,Female,39,Dr,ID
Cosimo,Lardeux,Male,53,Mrs,CN
Michell,Karpets,Female,28,Mrs,CO
Carly,McCrossan,Male,60,Mr,ID
Sebastian,Marshallsay,Male,61,Ms,ID
Stearne,Bachura,Male,59,Rev,KZ
Dru,Wincott,Female,59,Honorable,ID
Romain,Swain,Male,18,Mrs,PH
Hildegarde,Etienne,Female,32,Honorable,CN
Mariann,Preston,Female,59,Rev,SV
Katy,Letham,Female,32,Dr,ID
Eustace,Noorwood,Male,71,Ms,PL
Cy,Wolfarth,Male,53,Rev,CZ
Cary,Sapsed,Male,45,Honorable,PL
Janice,Tropman,Female,64,Ms,MY
Kordula,Berceros,Female,45,Mr,PE
Leland,D'Almeida,Male,53,Honorable,ID
Rosco,Witherden,Male,52,Mr,BY
Reinaldos,Masselin,Male,29,Mr,SO
Verney,Harniman,Male,49,Ms,PH
Hilton,Bernaert,Male,56,Honorable,SO
Reece,Lorden,Male,67,Honorable,CZ
Ganny,Lockier,Male,54,Dr,ID
Corilla,Doubleday,Female,58,Rev,CO
Sonya,Blamires,Female,56,Mrs,VN
Nikolaos,Klich,Male,58,Mrs,JO
Fancie,Januszkiewicz,Female,36,Rev,BD
Gardy,Jammes,Male,25,Ms,CN
Trueman,Laurenson,Male,44,Dr,MX
Frank,Boater,Female,62,Dr,UA
Ilene,Radbourne,Female,39,Dr,CZ
Lannie,Bellhanger,Male,40,Mr,CN
Alvin,Cullip,Male,49,Mr,RU
Helsa,Gorring,Female,75,Mrs,ID
Merv,Speeks,Male,71,Dr,SE
Ulric,Jeffry,Male,38,Mrs,CN
Skyler,Bursnell,Male,24,Dr,FR
Agustin,Bogace,Male,24,Rev,ID
Alison,Vidyapin,Female,47,Mrs,EG
Alie,Carrabot,Female,61,Ms,RU
Bobbette,Rolstone,Female,58,Honorable,ID
Charita,Brabham,Female,33,Rev,MX
Ileana,De Souza,Female,24,Mr,BO
Courtnay,Basley,Male,26,Rev,UA
Ives,Aizikov,Male,55,Honorable,RU
Orelie,Matyatin,Female,25,Dr,CN
Almeda,Thieme,Female,25,Honorable,TH
Velma,Pashenkov,Female,21,Mr,BY
Redford,Doumenc,Male,30,Rev,EG
Aharon,Chasmoor,Male,56,Mr,PL
Theressa,Parkinson,Female,52,Dr,GR
Adrianne,Boler,Female,19,Mrs,JP
Faustine,Lodo,Female,69,Dr,CZ
Jordon,Dunnett,Male,49,Dr,ID
Julius,Hallibone,Male,40,Honorable,ID
Griffin,Peart,Male,32,Dr,ET
Zachariah,Satch,Male,37,Ms,RU
Nelle,Cranmer,Female,36,Rev,RU
Pauline,Hunter,Female,56,Rev,PH
Jacynth,Aylward,Female,71,Dr,JP
Reinold,Mallalieu,Male,32,Ms,CN
Marja,Oxnam,Female,60,Mr,UA
Natty,Azemar,Male,66,Mr,ID
Adel,Reynolds,Female,57,Rev,CL
Angelle,Rollitt,Female,22,Rev,CA
Lorena,Meeson,Female,43,Mr,ID
Lorene,Simo,Female,25,Mrs,HR
Shannon,Ffoulkes,Female,41,Rev,PH
Rutherford,Eden,Male,60,Dr,US
Lanette,Pim,Female,62,Rev,HN
Junina,Devany,Female,32,Rev,PL
Pansy,Stalley,Female,67,Dr,ID
Harwell,Jugging,Male,45,Dr,ID
Nonnah,Bradnocke,Female,55,Honorable,RU
Maurie,Janny,Male,20,Ms,RU
Cully,Sangster,Male,75,Honorable,ID
Deirdre,Shermore,Female,26,Ms,IL
Gretna,Whyke,Female,67,Rev,RU
Rosella,Taffarello,Female,70,Honorable,NO
Elwira,Karlsson,Female,28,Rev,CU
Esme,Cordet,Female,38,Mrs,TN
Johna,Bownde,Female,27,Dr,RU
Dana,Daouse,Female,25,Mrs,PL
Tirrell,Sobey,Male,34,Honorable,MA
Benedetta,Kimberley,Female,35,Mr,CN
Hunt,Pyburn,Male,29,Dr,IE
Brien,Wrack,Male,51,Honorable,CN
Stavros,Tapper,Male,65,Dr,ES
Reuven,Birkbeck,Male,73,Mr,PL
Josselyn,Esland,Female,24,Mr,LB
Colin,Moncrieffe,Male,45,Rev,GR
Delly,Easbie,Female,23,Rev,SE
Pembroke,Vasyanin,Male,20,Honorable,YE
Enrichetta,Gebuhr,Female,38,Dr,PS
Cyrus,Tredwell,Male,60,Ms,PH
Anni,Marples,Female,60,Mr,PE
Saundra,Adami,Female,55,Mrs,PH
Jolynn,Kassidy,Female,71,Mrs,UA
Iggy,Pennings,Male,36,Mr,PT
Radcliffe,Richten,Male,19,Dr,UA
Odie,Parfrey,Male,19,Rev,PE
Marcelo,Dalzell,Male,48,Mrs,NO
Ashby,Geikie,Male,22,Honorable,MZ
Wolfie,Creffeild,Male,37,Dr,PH
Lyn,Bottjer,Female,75,Mr,PE
Lin,Turbayne,Male,42,Mr,ZM
Joaquin,Sisselot,Male,58,Mr,RS
Eziechiele,Kilday,Male,73,Rev,FI
Aaron,Johnson,Male,36,Mr,ID
Avrit,Ralfe,Female,29,Rev,MD
Jessi,Boake,Female,63,Mrs,CN
Clarette,Hadwin,Female,42,Rev,SE
Pail,Ranger,Male,32,Mrs,ID
Mohammed,Derisley,Male,58,Honorable,CN
Darrell,Elie,Male,52,Rev,CN
Cart,Cradock,Male,71,Mrs,JP
Martino,Kopta,Male,58,Honorable,JP
Eziechiele,Von Welden,Male,44,Ms,AR
Towny,Leate,Male,55,Dr,SA
Silvia,Osgorby,Female,31,Mrs,PT
Poppy,Shiliton,Female,61,Dr,IR
Randy,MacCosty,Female,23,Ms,ID
Brendis,Bread,Male,50,Dr,FR
Stacy,Whitter,Male,23,Dr,SI
Lenora,Schurcke,Female,59,Honorable,CN
Adriane,Sheringham,Female,23,Rev,FR
Mallory,McSperrin,Male,56,Rev,AR
Damian,Eagland,Male,37,Rev,CY
Cheryl,Barwise,Female,60,Ms,NO
Rafi,Terram,Male,36,Dr,GB
Hagen,Chessman,Male,24,Mr,CU
Josefina,Phalp,Female,67,Ms,CN
Ricky,Littlejohns,Female,71,Honorable,PL
Burnard,Berthomier,Male,39,Rev,BR
Reynolds,Spradbery,Male,69,Mrs,CN
Stacy,Balazin,Female,26,Dr,CN
Lynelle,Debnam,Female,58,Ms,PH
Kassey,Gransden,Female,38,Ms,PE
